LastName,DeptName
Klopp,Department of Resources
Klopp,Department of Sales
Klopp,Department of Marketing
Klopp,Department of Business
Klopp,Department of Mathematics
Klopp,Department of Computing
Alicia,Department of Resources
Alicia,Department of Sales
Alicia,Department of Marketing
Alicia,Department of Business
Alicia,Department of Mathematics
Alicia,Department of Computing
Thompson,Department of Resources
Thompson,Department of Sales
Thompson,Department of Marketing
Thompson,Department of Business
Thompson,Department of Mathematics
Thompson,Department of Computing
Jones,Department of Resources
Jones,Department of Sales
Jones,Department of Marketing
Jones,Department of Business
Jones,Department of Mathematics
Jones,Department of Computing
Mullins,Department of Resources
Mullins,Department of Sales
Mullins,Department of Marketing
Mullins,Department of Business
Mullins,Department of Mathematics
Mullins,Department of Computing
Frank,Department of Resources
Frank,Department of Sales
Frank,Department of Marketing
Frank,Department of Business
Frank,Department of Mathematics
Frank,Department of Computing
